cohort_month,cohort_index,cumulative_ltv
2009-12-01,0,719.01
2009-12-01,1,1133.07
2009-12-01,2,1443.86
2009-12-01,3,1841.4
2009-12-01,4,2162.75
2009-12-01,5,2483.12
2009-12-01,6,2800.25
2009-12-01,7,3128.53
2009-12-01,8,3476.7
2009-12-01,9,3887.84
2009-12-01,10,4371.21
2009-12-01,11,4971.35
2009-12-01,12,5526.03
2009-12-01,13,5849.72
2009-12-01,14,6075.26
2009-12-01,15,6344.36
2009-12-01,16,6515.4
2009-12-01,17,6815.53
2009-12-01,18,7109.03
2009-12-01,19,7375.6
2009-12-01,20,7662.85
2009-12-01,21,8057.52
2009-12-01,22,8493.09
2009-12-01,23,8962.2
2009-12-01,24,9133.81
2010-01-01,0,422.7
2010-01-01,1,524.88
2010-01-01,2,658.35
2010-01-01,3,809.08
2010-01-01,4,962.76
2010-01-01,5,1122.49
2010-01-01,6,1258.54
2010-01-01,7,1384.36
2010-01-01,8,1542.59
2010-01-01,9,1737.87
2010-01-01,10,1938.95
2010-01-01,11,2100.72
2010-01-01,12,2212.51
2010-01-01,13,2303.21
2010-01-01,14,2429.65
2010-01-01,15,2510.79
2010-01-01,16,2641.18
2010-01-01,17,2748.16
2010-01-01,18,2872.99
2010-01-01,19,2984.51
2010-01-01,20,3139.16
2010-01-01,21,3295.73
2010-01-01,22,3449.03
2010-01-01,23,3472.07
2010-02-01,0,455.71
2010-02-01,1,544.93
2010-02-01,2,691.68
2010-02-01,3,834.45
2010-02-01,4,952.16
2010-02-01,5,1058.52
2010-02-01,6,1165.91
2010-02-01,7,1303.19
2010-02-01,8,1445.0
2010-02-01,9,1591.89
2010-02-01,10,1690.1
2010-02-01,11,1741.37
2010-02-01,12,1815.7
2010-02-01,13,1907.97
2010-02-01,14,1963.47
2010-02-01,15,2065.23
2010-02-01,16,2145.6
2010-02-01,17,2234.93
2010-02-01,18,2303.18
2010-02-01,19,2424.86
2010-02-01,20,2547.98
2010-02-01,21,2651.45
2010-02-01,22,2681.26
2010-03-01,0,531.53
2010-03-01,1,644.41
2010-03-01,2,761.72
2010-03-01,3,907.97
2010-03-01,4,1021.86
2010-03-01,5,1148.42
2010-03-01,6,1296.54
2010-03-01,7,1480.8
2010-03-01,8,1654.22
2010-03-01,9,1733.78
2010-03-01,10,1789.64
2010-03-01,11,1857.7
2010-03-01,12,1956.32
2010-03-01,13,2051.08
2010-03-01,14,2158.06
2010-03-01,15,2229.93
2010-03-01,16,2326.67
2010-03-01,17,2439.61
2010-03-01,18,2546.77
2010-03-01,19,2676.58
2010-03-01,20,2817.95
2010-03-01,21,2857.02
2010-04-01,0,425.51
2010-04-01,1,490.26
2010-04-01,2,560.72
2010-04-01,3,663.16
2010-04-01,4,739.04
2010-04-01,5,843.96
2010-04-01,6,963.83
2010-04-01,7,1075.31
2010-04-01,8,1127.48
2010-04-01,9,1187.68
2010-04-01,10,1209.82
2010-04-01,11,1267.72
2010-04-01,12,1340.64
2010-04-01,13,1417.96
2010-04-01,14,1475.09
2010-04-01,15,1551.54
2010-04-01,16,1612.34
2010-04-01,17,1678.41
2010-04-01,18,1787.84
2010-04-01,19,1890.15
2010-04-01,20,1906.96
2010-05-01,0,436.1
2010-05-01,1,489.94
2010-05-01,2,545.77
2010-05-01,3,596.37
2010-05-01,4,662.75
2010-05-01,5,786.08
2010-05-01,6,878.22
2010-05-01,7,932.45
2010-05-01,8,955.61
2010-05-01,9,984.11
2010-05-01,10,1020.63
2010-05-01,11,1072.62
2010-05-01,12,1141.23
2010-05-01,13,1212.51
2010-05-01,14,1253.12
2010-05-01,15,1311.06
2010-05-01,16,1398.55
2010-05-01,17,1468.39
2010-05-01,18,1531.14
2010-05-01,19,1544.61
2010-06-01,0,488.25
2010-06-01,1,547.94
2010-06-01,2,631.67
2010-06-01,3,727.6
2010-06-01,4,857.47
2010-06-01,5,1037.33
2010-06-01,6,1131.65
2010-06-01,7,1195.65
2010-06-01,8,1284.1
2010-06-01,9,1389.79
2010-06-01,10,1435.94
2010-06-01,11,1546.86
2010-06-01,12,1696.46
2010-06-01,13,1756.13
2010-06-01,14,1926.04
2010-06-01,15,1995.4
2010-06-01,16,2137.94
2010-06-01,17,2242.02
2010-06-01,18,2258.55
2010-07-01,0,405.26
2010-07-01,1,450.4
2010-07-01,2,524.64
2010-07-01,3,659.09
2010-07-01,4,814.59
2010-07-01,5,899.74
2010-07-01,6,948.77
2010-07-01,7,1005.34
2010-07-01,8,1061.4
2010-07-01,9,1115.14
2010-07-01,10,1164.61
2010-07-01,11,1232.65
2010-07-01,12,1298.84
2010-07-01,13,1375.85
2010-07-01,14,1460.73
2010-07-01,15,1545.23
2010-07-01,16,1667.26
2010-07-01,17,1705.88
2010-08-01,0,377.52
2010-08-01,1,462.89
2010-08-01,2,605.78
2010-08-01,3,751.12
2010-08-01,4,889.43
2010-08-01,5,922.96
2010-08-01,6,955.72
2010-08-01,7,1000.71
2010-08-01,8,1061.6
2010-08-01,9,1122.34
2010-08-01,10,1167.24
2010-08-01,11,1210.54
2010-08-01,12,1279.84
2010-08-01,13,1393.57
2010-08-01,14,1514.37
2010-08-01,15,1636.92
2010-08-01,16,1671.61
2010-09-01,0,659.12
2010-09-01,1,781.63
2010-09-01,2,914.73
2010-09-01,3,1003.41
2010-09-01,4,1111.47
2010-09-01,5,1145.63
2010-09-01,6,1253.18
2010-09-01,7,1297.9
2010-09-01,8,1419.15
2010-09-01,9,1479.76
2010-09-01,10,1561.96
2010-09-01,11,1669.41
2010-09-01,12,2093.02
2010-09-01,13,2198.05
2010-09-01,14,2381.61
2010-09-01,15,2404.46
2010-10-01,0,493.5
2010-10-01,1,617.69
2010-10-01,2,695.07
2010-10-01,3,759.57
2010-10-01,4,793.88
2010-10-01,5,823.79
2010-10-01,6,870.65
2010-10-01,7,913.36
2010-10-01,8,972.48
2010-10-01,9,1024.26
2010-10-01,10,1060.71
2010-10-01,11,1116.85
2010-10-01,12,1249.59
2010-10-01,13,1399.64
2010-10-01,14,1427.63
2010-11-01,0,474.03
2010-11-01,1,587.69
2010-11-01,2,631.55
2010-11-01,3,661.28
2010-11-01,4,691.33
2010-11-01,5,724.26
2010-11-01,6,772.65
2010-11-01,7,807.06
2010-11-01,8,836.72
2010-11-01,9,870.8
2010-11-01,10,916.48
2010-11-01,11,977.75
2010-11-01,12,1102.22
2010-11-01,13,1121.9
2010-12-01,0,532.48
2010-12-01,1,563.36
2010-12-01,2,655.56
2010-12-01,3,674.55
2010-12-01,4,755.45
2010-12-01,5,769.52
2010-12-01,6,779.13
2010-12-01,7,843.04
2010-12-01,8,850.95
2010-12-01,9,857.54
2010-12-01,10,879.08
2010-12-01,11,993.38
2010-12-01,12,999.76
2011-01-01,0,718.2
2011-01-01,1,771.5
2011-01-01,2,827.72
2011-01-01,3,1200.48
2011-01-01,4,1314.26
2011-01-01,5,1405.06
2011-01-01,6,1477.11
2011-01-01,7,1555.22
2011-01-01,8,1618.69
2011-01-01,9,1779.85
2011-01-01,10,1927.88
2011-01-01,11,1978.98
2011-02-01,0,354.12
2011-02-01,1,422.88
2011-02-01,2,555.24
2011-02-01,3,641.13
2011-02-01,4,715.68
2011-02-01,5,760.53
2011-02-01,6,824.82
2011-02-01,7,906.18
2011-02-01,8,983.02
2011-02-01,9,1082.47
2011-02-01,10,1105.05
2011-03-01,0,436.85
2011-03-01,1,524.31
2011-03-01,2,638.55
2011-03-01,3,732.6
2011-03-01,4,825.61
2011-03-01,5,886.13
2011-03-01,6,973.31
2011-03-01,7,1078.21
2011-03-01,8,1200.86
2011-03-01,9,1236.66
2011-04-01,0,388.31
2011-04-01,1,514.6
2011-04-01,2,587.51
2011-04-01,3,655.94
2011-04-01,4,710.61
2011-04-01,5,816.42
2011-04-01,6,874.5
2011-04-01,7,982.54
2011-04-01,8,1019.57
2011-05-01,0,473.09
2011-05-01,1,557.2
2011-05-01,2,650.69
2011-05-01,3,708.79
2011-05-01,4,804.08
2011-05-01,5,898.61
2011-05-01,6,1027.01
2011-05-01,7,2582.57
2011-06-01,0,780.65
2011-06-01,1,875.94
2011-06-01,2,949.08
2011-06-01,3,1050.59
2011-06-01,4,1141.85
2011-06-01,5,1278.46
2011-06-01,6,1301.47
2011-07-01,0,431.16
2011-07-01,1,506.11
2011-07-01,2,619.06
2011-07-01,3,739.33
2011-07-01,4,886.72
2011-07-01,5,931.12
2011-08-01,0,425.1
2011-08-01,1,601.35
2011-08-01,2,897.84
2011-08-01,3,1275.68
2011-08-01,4,1407.43
2011-09-01,0,510.68
2011-09-01,1,618.39
2011-09-01,2,784.66
2011-09-01,3,838.87
2011-10-01,0,491.98
2011-10-01,1,644.78
2011-10-01,2,694.79
2011-11-01,0,425.45
2011-11-01,1,492.83
2011-12-01,0,851.57

