cohort_month,cohort_index,active_users,retention_percentage
2009-12-01,0,955,100.0
2009-12-01,1,337,35.29
2009-12-01,2,319,33.4
2009-12-01,3,406,42.51
2009-12-01,4,363,38.01
2009-12-01,5,343,35.92
2009-12-01,6,360,37.7
2009-12-01,7,327,34.24
2009-12-01,8,321,33.61
2009-12-01,9,346,36.23
2009-12-01,10,403,42.2
2009-12-01,11,473,49.53
2009-12-01,12,359,37.59
2009-12-01,13,270,28.27
2009-12-01,14,233,24.4
2009-12-01,15,289,30.26
2009-12-01,16,251,26.28
2009-12-01,17,289,30.26
2009-12-01,18,270,28.27
2009-12-01,19,248,25.97
2009-12-01,20,244,25.55
2009-12-01,21,301,31.52
2009-12-01,22,291,30.47
2009-12-01,23,389,40.73
2009-12-01,24,188,19.69
2010-01-01,0,383,100.0
2010-01-01,1,79,20.63
2010-01-01,2,119,31.07
2010-01-01,3,117,30.55
2010-01-01,4,101,26.37
2010-01-01,5,115,30.03
2010-01-01,6,99,25.85
2010-01-01,7,88,22.98
2010-01-01,8,107,27.94
2010-01-01,9,122,31.85
2010-01-01,10,116,30.29
2010-01-01,11,66,17.23
2010-01-01,12,85,22.19
2010-01-01,13,68,17.75
2010-01-01,14,72,18.8
2010-01-01,15,58,15.14
2010-01-01,16,90,23.5
2010-01-01,17,76,19.84
2010-01-01,18,71,18.54
2010-01-01,19,75,19.58
2010-01-01,20,93,24.28
2010-01-01,21,74,19.32
2010-01-01,22,94,24.54
2010-01-01,23,22,5.74
2010-02-01,0,374,100.0
2010-02-01,1,89,23.8
2010-02-01,2,84,22.46
2010-02-01,3,109,29.14
2010-02-01,4,92,24.6
2010-02-01,5,75,20.05
2010-02-01,6,72,19.25
2010-02-01,7,107,28.61
2010-02-01,8,95,25.4
2010-02-01,9,103,27.54
2010-02-01,10,43,11.5
2010-02-01,11,47,12.57
2010-02-01,12,57,15.24
2010-02-01,13,65,17.38
2010-02-01,14,46,12.3
2010-02-01,15,75,20.05
2010-02-01,16,60,16.04
2010-02-01,17,61,16.31
2010-02-01,18,54,14.44
2010-02-01,19,86,22.99
2010-02-01,20,86,22.99
2010-02-01,21,61,16.31
2010-02-01,22,22,5.88
2010-03-01,0,443,100.0
2010-03-01,1,84,18.96
2010-03-01,2,102,23.02
2010-03-01,3,107,24.15
2010-03-01,4,103,23.25
2010-03-01,5,90,20.32
2010-03-01,6,109,24.6
2010-03-01,7,134,30.25
2010-03-01,8,122,27.54
2010-03-01,9,48,10.84
2010-03-01,10,51,11.51
2010-03-01,11,63,14.22
2010-03-01,12,89,20.09
2010-03-01,13,72,16.25
2010-03-01,14,89,20.09
2010-03-01,15,75,16.93
2010-03-01,16,77,17.38
2010-03-01,17,69,15.58
2010-03-01,18,78,17.61
2010-03-01,19,89,20.09
2010-03-01,20,94,21.22
2010-03-01,21,35,7.9
2010-04-01,0,294,100.0
2010-04-01,1,57,19.39
2010-04-01,2,57,19.39
2010-04-01,3,48,16.33
2010-04-01,4,54,18.37
2010-04-01,5,66,22.45
2010-04-01,6,81,27.55
2010-04-01,7,77,26.19
2010-04-01,8,31,10.54
2010-04-01,9,32,10.88
2010-04-01,10,22,7.48
2010-04-01,11,41,13.95
2010-04-01,12,41,13.95
2010-04-01,13,46,15.65
2010-04-01,14,46,15.65
2010-04-01,15,46,15.65
2010-04-01,16,41,13.95
2010-04-01,17,44,14.97
2010-04-01,18,53,18.03
2010-04-01,19,66,22.45
2010-04-01,20,17,5.78
2010-05-01,0,254,100.0
2010-05-01,1,40,15.75
2010-05-01,2,43,16.93
2010-05-01,3,44,17.32
2010-05-01,4,45,17.72
2010-05-01,5,65,25.59
2010-05-01,6,54,21.26
2010-05-01,7,32,12.6
2010-05-01,8,15,5.91
2010-05-01,9,21,8.27
2010-05-01,10,29,11.42
2010-05-01,11,34,13.39
2010-05-01,12,39,15.35
2010-05-01,13,39,15.35
2010-05-01,14,25,9.84
2010-05-01,15,32,12.6
2010-05-01,16,35,13.78
2010-05-01,17,42,16.54
2010-05-01,18,39,15.35
2010-05-01,19,12,4.72
2010-06-01,0,270,100.0
2010-06-01,1,47,17.41
2010-06-01,2,51,18.89
2010-06-01,3,55,20.37
2010-06-01,4,62,22.96
2010-06-01,5,77,28.52
2010-06-01,6,34,12.59
2010-06-01,7,24,8.89
2010-06-01,8,22,8.15
2010-06-01,9,32,11.85
2010-06-01,10,29,10.74
2010-06-01,11,37,13.7
2010-06-01,12,40,14.81
2010-06-01,13,33,12.22
2010-06-01,14,30,11.11
2010-06-01,15,33,12.22
2010-06-01,16,36,13.33
2010-06-01,17,55,20.37
2010-06-01,18,14,5.19
2010-07-01,0,186,100.0
2010-07-01,1,29,15.59
2010-07-01,2,34,18.28
2010-07-01,3,55,29.57
2010-07-01,4,54,29.03
2010-07-01,5,26,13.98
2010-07-01,6,21,11.29
2010-07-01,7,27,14.52
2010-07-01,8,27,14.52
2010-07-01,9,21,11.29
2010-07-01,10,25,13.44
2010-07-01,11,27,14.52
2010-07-01,12,25,13.44
2010-07-01,13,25,13.44
2010-07-01,14,36,19.35
2010-07-01,15,32,17.2
2010-07-01,16,44,23.66
2010-07-01,17,15,8.06
2010-08-01,0,162,100.0
2010-08-01,1,33,20.37
2010-08-01,2,48,29.63
2010-08-01,3,52,32.1
2010-08-01,4,28,17.28
2010-08-01,5,19,11.73
2010-08-01,6,16,9.88
2010-08-01,7,20,12.35
2010-08-01,8,22,13.58
2010-08-01,9,21,12.96
2010-08-01,10,21,12.96
2010-08-01,11,20,12.35
2010-08-01,12,25,15.43
2010-08-01,13,30,18.52
2010-08-01,14,29,17.9
2010-08-01,15,32,19.75
2010-08-01,16,11,6.79
2010-09-01,0,243,100.0
2010-09-01,1,55,22.63
2010-09-01,2,57,23.46
2010-09-01,3,30,12.35
2010-09-01,4,22,9.05
2010-09-01,5,25,10.29
2010-09-01,6,33,13.58
2010-09-01,7,24,9.88
2010-09-01,8,31,12.76
2010-09-01,9,32,13.17
2010-09-01,10,28,11.52
2010-09-01,11,24,9.88
2010-09-01,12,53,21.81
2010-09-01,13,40,16.46
2010-09-01,14,39,16.05
2010-09-01,15,13,5.35
2010-10-01,0,377,100.0
2010-10-01,1,97,25.73
2010-10-01,2,55,14.59
2010-10-01,3,47,12.47
2010-10-01,4,33,8.75
2010-10-01,5,31,8.22
2010-10-01,6,49,13.0
2010-10-01,7,52,13.79
2010-10-01,8,40,10.61
2010-10-01,9,35,9.28
2010-10-01,10,40,10.61
2010-10-01,11,49,13.0
2010-10-01,12,72,19.1
2010-10-01,13,87,23.08
2010-10-01,14,26,6.9
2010-11-01,0,325,100.0
2010-11-01,1,57,17.54
2010-11-01,2,30,9.23
2010-11-01,3,31,9.54
2010-11-01,4,25,7.69
2010-11-01,5,28,8.62
2010-11-01,6,42,12.92
2010-11-01,7,32,9.85
2010-11-01,8,28,8.62
2010-11-01,9,29,8.92
2010-11-01,10,36,11.08
2010-11-01,11,47,14.46
2010-11-01,12,83,25.54
2010-11-01,13,20,6.15
2010-12-01,0,76,100.0
2010-12-01,1,7,9.21
2010-12-01,2,4,5.26
2010-12-01,3,7,9.21
2010-12-01,4,9,11.84
2010-12-01,5,5,6.58
2010-12-01,6,4,5.26
2010-12-01,7,7,9.21
2010-12-01,8,4,5.26
2010-12-01,9,2,2.63
2010-12-01,10,7,9.21
2010-12-01,11,15,19.74
2010-12-01,12,2,2.63
2011-01-01,0,71,100.0
2011-01-01,1,12,16.9
2011-01-01,2,15,21.13
2011-01-01,3,14,19.72
2011-01-01,4,15,21.13
2011-01-01,5,11,15.49
2011-01-01,6,11,15.49
2011-01-01,7,9,12.68
2011-01-01,8,8,11.27
2011-01-01,9,15,21.13
2011-01-01,10,18,25.35
2011-01-01,11,8,11.27
2011-02-01,0,124,100.0
2011-02-01,1,20,16.13
2011-02-01,2,19,15.32
2011-02-01,3,23,18.55
2011-02-01,4,27,21.77
2011-02-01,5,19,15.32
2011-02-01,6,19,15.32
2011-02-01,7,18,14.52
2011-02-01,8,18,14.52
2011-02-01,9,22,17.74
2011-02-01,10,7,5.65
2011-03-01,0,179,100.0
2011-03-01,1,33,18.44
2011-03-01,2,39,21.79
2011-03-01,3,36,20.11
2011-03-01,4,40,22.35
2011-03-01,5,27,15.08
2011-03-01,6,37,20.67
2011-03-01,7,36,20.11
2011-03-01,8,43,24.02
2011-03-01,9,17,9.5
2011-04-01,0,106,100.0
2011-04-01,1,27,25.47
2011-04-01,2,21,19.81
2011-04-01,3,21,19.81
2011-04-01,4,19,17.92
2011-04-01,5,25,23.58
2011-04-01,6,19,17.92
2011-04-01,7,27,25.47
2011-04-01,8,12,11.32
2011-05-01,0,111,100.0
2011-05-01,1,26,23.42
2011-05-01,2,27,24.32
2011-05-01,3,18,16.22
2011-05-01,4,24,21.62
2011-05-01,5,23,20.72
2011-05-01,6,29,26.13
2011-05-01,7,13,11.71
2011-06-01,0,108,100.0
2011-06-01,1,25,23.15
2011-06-01,2,23,21.3
2011-06-01,3,29,26.85
2011-06-01,4,22,20.37
2011-06-01,5,31,28.7
2011-06-01,6,9,8.33
2011-07-01,0,102,100.0
2011-07-01,1,22,21.57
2011-07-01,2,31,30.39
2011-07-01,3,28,27.45
2011-07-01,4,35,34.31
2011-07-01,5,16,15.69
2011-08-01,0,106,100.0
2011-08-01,1,29,27.36
2011-08-01,2,33,31.13
2011-08-01,3,28,26.42
2011-08-01,4,18,16.98
2011-09-01,0,189,100.0
2011-09-01,1,51,26.98
2011-09-01,2,71,37.57
2011-09-01,3,28,14.81
2011-10-01,0,221,100.0
2011-10-01,1,71,32.13
2011-10-01,2,35,15.84
2011-11-01,0,191,100.0
2011-11-01,1,27,14.14
2011-12-01,0,28,100.0
